id,name,area,experience,description,key_skills,employer,alternate_url,from,to,currency
77428301,Разработчик SAP BO,Москва,От 3 до 6 лет,"Компания ARK - экосистема решений, позволяющих закрывать полный цикл по оптимизации бизнес процессов. Мы работали над сайтами, мобильными приложениями и IT платформами для крупнейших медийных, фармацевтических, киберспорт и FMCG компаний. Собственное SFA-решение – автоматизация работы полевых команд (мерч, торговые представители, сотрудники торгового зала), Retail & FMCG.   Чем предстоит заниматься:  Разработка витрин данных Teradata, MS SQL;Разработка и поддержка юниверсов и отчетов SAP BusinessObjects; Поддержка пользователей при работе с инструментами отчетности (вопросы управления доступом, корректности данных, скорости работы отчетов и выгрузок); Мониторинг и оптимизация процедур загрузки данных; Взаимодействие с другими техническими командами, в том числе, на иностранном языке (переписки, встречи); Оптимизация сложных объемных запросов к хранилищу данных; Ведение документации.    Требования:  Опыт разработки юниверсов SAP BusinessObjects (особенно контексты); Опыт построения отчетов и дашбордов SAP Business Objects; Опыт разработки витрин данных и SQL-запросов (MS SQL/Teradata); Понимание принципов построения баз данных и принципов построения запросов из различных приложений к ним; Знание принципов архитектурного построения BI решений, умение оптимизировать и предлагать лучшие процессы в архитектуре; Понимание бизнес-процессов в одной или нескольких предметных областях: Заказы, Продажи, Поставки; Знание английского на разговорном уровне и возможность ведения рабочей переписки.    Будет плюсом:  Опыт работы с ETL-инструментами и опыт построения ETL процессов; Опыт разработки на языке Python; Опыт работы с Git и облачными решениями.    Мы предлагаем:   аккредитованная it-компания   удаленная работа   процесс обмена знаниями и рост в команде   график работы 5/2   интересные и нетривиальные задачи   дружный коллектив    ","['SAP Business Objects', 'MS SQL', 'Teradata', 'Python', 'ETL']",ARK,https://hh.ru/vacancy/77428301,,,
77430744,Middle Backend Developer (Python),Томск,От 1 года до 3 лет,"Betting Software специализируется на разработке веб-приложений в сфере iGaming и Betting для зарубежных клиентов. Создаем, развиваем и сопровождаем IT-продукты для игорного бизнеса. Ищем Python-разработчика с опытом работы с асинхронными фреймворками и высоконагруженными проектами. Детали:  Стек технологий: Python, FastAPI, Tornado, PostgreSQL, SQLAlchemy, Redis, RabbitMQ, Docker, nginx, gitlab-ci 80+ сотрудников в компании, среди них треть в разработке  Основные задачи:  Поддержание производительности, отказоустойчивости и бесперебойности работы проектов Внедрение нового функционала и оптимизация кода Разработка микросервисов Написание API  Ожидаем:   Опыт коммерческой разработки на Python от 1,5 лет   Коммерческий опыт работы с асинхронными фреймворками   Умение анализировать SQL-запросы   Опыт работы с реляционными СУБД   Умение работать с брокерами сообщений (RabbitMQ)   Опыт работы с ORM, в приоритете SQLAlchemy   Умение тестировать свой код и работать с чужим   Навыки работы с Docker   Опыт использования Linux   Условия:  Удаленная работа 5/2 Гибкий график: с 10 до 14 по МСК – обязательные рабочие часы, остальные 4 часа – в удобное время Выплата ЗП 2 раза в месяц в USDT Ежемесячные бонусы до 12% от ЗП Оплата английского языка и компенсация расходов на лечение  28 отпускных дней каждый год  ","['Python', 'Асинхронное программирование', 'Highload']",Betting Software,https://hh.ru/vacancy/77430744,120000.0,220000.0,RUR
77425269,Data Аналитик,Москва,От 1 года до 3 лет,"EGAR Technology - российская группа компаний, специализирующаяся в областях:  Разработки программного обеспечения для финансовых рынков - линейка продуктов под брендом EGAR; ИТ аутсорсинга, заказной разработки и заказного тестирования для крупных компаний.  EGAR сегодня - это:  Более 20 лет успешных разработок сложных программных систем для банков и финансовых компаний; Исследования, активный поиск новых архитектурных и технологических решений для бизнес-заказчиков на стыке современных технологий и бизнеса – резидент Инновационного центра «Сколково»; 8 филиалов в России; Обширная и узнаваемая клиентская база.  В проект доработки системы отчетности крупной транспортной компании приглашается BI Аналитик Обязанности:   Сбор и формализация требований к аналитической отчетности;   Подготовка MVP модели и дизайн пилота для управления сезонными категориями товаров;   Аналитика (пост и предикативная) методологии управления дополнительным торговым; оборудованием (ДТО);   Доработка текущего калькулятора;   Работа с BI системами.   Требования:  Опыт работы в роли Data Аналитика от 1 года; Знание методологий и нотаций описания бизнес-процессов (BPMN, EPC); Знание SQL на среднем уровне и выше; Python: хорошее знание Pyspark; ML базовый, статистика.  Условия:  Официальное оформление в стабильную и динамично развивающуюся ИТ компанию EGAR Technology; График работы с 9:00 до 18:00 (гибкое начало рабочего дня обсуждаем); Удалённый формат работы; Конкурентный уровень заработной платы, который мы готовы обсудить на собеседовании; Полноценную проектную команду с четким разделением ролей; Оперативное решение организационных вопросов; Возможность профессионального роста (вертикального или горизонтального); Компенсация на обучение для повышения вашей квалификации (курсы, сертификация); Годовой бонус по результатам работы компании; Бонусы по реферальной программе; ДМС включающий стоматологию; Дополнительно 4 дня в год по болезни без больничного листа (sick day); Применение в работе современных технологий и стандартов. ","['SQL', 'MS SQL', 'MS Visual Studio', 'Разработка нового продукта', 'Базы данных', 'ETL', 'Qlik Sense']","EGAR TECHNOLOGY, INC.",https://hh.ru/vacancy/77425269,,,
77290870,Middle ++\Senior python developer,Нижний Новгород,От 3 до 6 лет,"""Lad"" - аккредитованная It-компания, помогает крупному бизнесу в решении задач Data-инженерии, машинного обучения, анализа и визуализации данных. Приглашаем Python разработчика, который готов подхватить процессы разработки, техническое ревью проектов в паре с текущим техлидом и руководителем направления.В команде 10 человек: узкие специалисты - дата аналитики, исследователи данных, ML разработчики. Ожидаем специалиста, целостно разбирающегося в процессе разработке ПО. Мы предлагаем:   Возможность попробовать себя в роли технического лидера под менторством опытного наставника.   Позицию техлида по итогам испытательного срока (или возможность остаться в команде на позиции разработчика).   Рост технического уровня. Есть возможность пробовать новые подходы и технологии, прокачивать компетенции на проектах в разных сферах бизнеса.   Стек: Python, Scrapy, Airflow, PostgreSQL, SQLAlchemy, Pandas, Dash, PySide, Unreal Engine Что предстоит делать: Технический контроль над процессами разработки совместно с руководителем направления: - Участие в постановке задач команде, декомпозиция, выбор технических решений - Проведение код-ревью на текущих проектах, участие в тестировании продукта - Проектирование и разработка микросервисов с дашбордами для вывода аналитики - Проектирование и разработка микросервисов с рекомендательными системами, взаимодействие с ML специалистами - Реинжиниринг загрузки/выгрузки данных в части оптимизации нагрузки, в том числе разработка и интеграция Что для нас важно: - Понимание принципов проектирования приложений (веб, десктоп) и БД. - Знание Python - Опыт проведения код-ревью - Опыт работы с PostgreSQL, SQL, веб-фреймворки, unit тесты, sqlAlchemy Будет плюсом: - Знание pyside (pyqt), опыт использования MLFlow, DVC, pandas, опыт участия в ML проектах - Опыт построения ETL пайплайнов (Airflow) Условия:- Удаленный/гибридный формат работы, полная занятость. - Онбординг на входе в компанию. - Корпоративные скидки: Skyeng , ФизКульт, мед. центр и пр. - Реферальная программа для сотрудников (до 70 000 р. за приведенного человека). - Оборудование от компании с доставкой в любой город. - Программа частичного субсидирования покупки оборудования в личное пользование.","['Python', 'SQLAlchemy', 'SQL', 'PostgreSQL', 'Анализ кода']",IT-компания Lad,https://hh.ru/vacancy/77290870,200000.0,,RUR
77282299,"Разработчик Asyncio, AioHttp уровня Middle",Казань,От 1 года до 3 лет,"Основное направление нашей компании - заказная разработка веб-сервисов и создание собственных стартапов. В связи с расширением находимся в поиске Python разработчика уровня Middle / Middle+ на долгосрочные проекты. Стэк на проекте - Asyncio, AioHttp.Как узнать, что мы идеально подходим друг другу:  Вы хорошо разбираетесь в Python, Django, Asyncio, AioHttp, Flask, имеете опыт работы не менее двух лет, принимали участие как минимум в нескольких проектах, работали в команде Вы хотите работать в компании единомышленников среди Python-разработчиков Вам интересно работать над новыми стартапами, участвовать в жизни их становления Вы не любите бюрократию, планерки, митапы, презентации, совещания и пр. вещи, которые отвлекают от работы Вы встаете рано, потому что знаете, что утром голова работает лучше и задачи решаются быстрее Вы уже знаете, что идеальных ТЗ не бывает Вы понимаете, что прежде чем отдать задачу на проверку тестировщику надо самим все хорошо проверить. А если у проекта нет тестировщика (да, в жизни и не такое бывает), то самим проверить все дважды. Понимаете, что нужно соблюдать баланс между качеством кода и длительностью разработки Вы любите делиться знаниями, не боитесь обращаться за помощью к коллегам Вы самостоятельный и ответственный, умеете здраво оценивать свои силы Вы дочитали до этой строчки  Как работаем:  Общаемся в Slack Задачи ведем в YouTrack Проекты завернуты в Docker CI/CD настроен Покрываем код тестами  Что предлагаем:  Стабильную удаленную работу Проектную работу или Официальное трудоустройство Регулярные выплаты (не реже двух раз в месяц) Лояльный рабочий график, начало рабочего дня не позже 10 по мск Интересные долгосрочные проекты (как правило от 6 мес), сложные задачи, работа с современными технологиями ","['Python', 'Django', 'asyncio', 'aiohttp', 'Flask']",IdPowers,https://hh.ru/vacancy/77282299,130000.0,190000.0,RUR
77216110,Python Backend Developer (Senior/Remote),Москва,От 1 года до 3 лет,"JetLend - инвестиционная платформа в индустрии краудлендинга, созданная выходцами из Сбербанка, Sberbank CIB и Oliver Wyman. №1 на российском рынке (по объему кредитного портфеля). Мы развиваем интернет-платформу по кредитованию малого и среднего бизнеса напрямую физическими, юридическими лицами и институциональными инвесторами. Малому и среднему бизнесу сложно получить кредит в банке, а рынок облигаций для них закрыт. В свою очередь, доходность для инвесторов по депозитам, акциям и облигациям падает. Мы решаем обе проблемы. В ноябре 2020 г. мы закрыли инвестиционный раунд серии А и начали масштабироваться. За последние 2 года мы выросли в 18 раз, прокредитовав бизнес на 5 млрд рублей. В ближайшее время мы планируем расти с ежегодным темпом в 300% или более. В 2026 мы планируем провести IPO на Мосбирже.   Наши ценности: — Мы стремимся создать глобальную и прибыльную финтех-компанию, способную в будущем потеснить классические банки. — Мы воспринимаем каждого члена команды как партнера, поэтому по итогам года предоставляем всем сотрудникам опцион на долю в компании. — Мы считаем, что каждый партнер является самостоятельным и ответственным за результат: у нас нет микроменеджмента, можно работать из любого удобного места. — Мы крайне заинтересованы в росте и развитии сотрудников. — Мы инвестируем в образование команды, считая обучение приоритетной ценностью. Технологии: — Основной стек: Python 3.8, Django + DRF, MySQL, React — Покрытие тестами основной части кода (>75%), обязательное использование типизации, отсутствие legacy-кода — Continuous Integration для автоматического запуска тестов, линтеров и mypy Обязанности:   Доработка ключевых компонентов системы: личные кабинеты, админка, мобильное приложение, интеграции с внешними источниками, уведомления и т.д.   Интеграция с разработчиками Frontend   Ревью и прием PR от других Backend разработчиков   Требования: Обязательные:   Хорошее знание Python 3.8, Django>=2.0, DRF   Опыт работы с реляционными базами данных (MySQL)   Умение писать юнит-тесты   Опыт промышленной разработки на Python от 1 года   Желательные, но необязательные:   Опыт работы с очередями задач (Celery)   Опыт использования систем контроля версий (Git)   Умение адекватно оценивать трудоёмкость и сроки, соблюдать эти сроки   Способность работать самостоятельно и в команде, взаимодействовать с людьми   Условия:   Оклад + премия + опционная программа   Возможность удаленной работы   Гибкие условия работы, когда главное – результат, а не исполнение формальных требований  ","['Python', 'Django Framework', 'MySQL']",JetLend,https://hh.ru/vacancy/77216110,,300000.0,RUR
77407414,Python Backend Developer (Remote),Москва,От 1 года до 3 лет,"JetLend - инвестиционная платформа в индустрии краудлендинга, созданная выходцами из Сбербанка, Sberbank CIB и Oliver Wyman. №1 на российском рынке (по объему кредитного портфеля). Мы развиваем интернет-платформу по кредитованию малого и среднего бизнеса напрямую физическими, юридическими лицами и институциональными инвесторами. Малому и среднему бизнесу сложно получить кредит в банке, а рынок облигаций для них закрыт. В свою очередь, доходность для инвесторов по депозитам, акциям и облигациям падает. Мы решаем обе проблемы. В ноябре 2020 г. мы закрыли инвестиционный раунд серии А и начали масштабироваться. За последние 2 года мы выросли в 18 раз, прокредитовав бизнес на 5 млрд рублей. В ближайшее время мы планируем расти с ежегодным темпом в 300% или более. В 2026 мы планируем провести IPO на Мосбирже.   Наши ценности: — Мы стремимся создать глобальную и прибыльную финтех-компанию, способную в будущем потеснить классические банки. — Мы воспринимаем каждого члена команды как партнера, поэтому по итогам года предоставляем всем сотрудникам опцион на долю в компании. — Мы считаем, что каждый партнер является самостоятельным и ответственным за результат: у нас нет микроменеджмента, можно работать из любого удобного места. — Мы крайне заинтересованы в росте и развитии сотрудников. — Мы инвестируем в образование команды, считая обучение приоритетной ценностью. Технологии: — Основной стек: Python 3.8, Django + DRF, MySQL, React — Покрытие тестами основной части кода (>75%), обязательное использование типизации, отсутствие legacy-кода — Continuous Integration для автоматического запуска тестов, линтеров и mypy Обязанности:   Доработка ключевых компонентов системы: личные кабинеты, админка, мобильное приложение, интеграции с внешними источниками, уведомления и т.д.   Интеграция с разработчиками Frontend   Ревью и прием PR от других Backend разработчиков   Требования: Обязательные:   Хорошее знание Python 3.8, Django>=2.0, DRF   Опыт работы с реляционными базами данных (MySQL)   Умение писать юнит-тесты   Опыт промышленной разработки на Python от 1 года   Желательные, но необязательные:   Опыт работы с очередями задач (Celery)   Опыт использования систем контроля версий (Git)   Умение адекватно оценивать трудоёмкость и сроки, соблюдать эти сроки   Способность работать самостоятельно и в команде, взаимодействовать с людьми   Условия:   Оклад + премия + опционная программа   Возможность удаленной работы   Гибкие условия работы, когда главное – результат, а не исполнение формальных требований     Не упускай шанс стать частью нашей дружной команды и делать качественный продукт! Откликайся на вакансию и мы обязательно свяжемся с вами:)","['Python', 'Django Framework', 'MySQL']",JetLend,https://hh.ru/vacancy/77407414,,300000.0,RUR
77319651,Python разработчик,Санкт-Петербург,От 1 года до 3 лет,"MST — агентство-интегратор для технологических компаний. Мы с 2004 года разрабатываем и ускоряем запуск масштабных цифровых продуктов, наши технологии и проектный опыт позволяют решать задачи финтех-, IT- и телеком-компаний. Наши направления: стратегия, мобильная, веб-разработка, дизайн, performance маркетинг, SMM. Нам доверяют: ЦБ РФ, Сбер, Уралсиб, Росбанк, Raiffeisen Bank, Открытие, Теле2, Мегафон,Ростелеком, MTC, Дом ру, Роснефть, Газпромнефть, Audi, Mercedes Benz, Panasonic, Ikea, Yandex, Mail Ru Group, Сколково, Кинопоиск. Доказательством нашей экспертизы являются высокие позиции в отраслевых рейтингах, а также 100+ наград на российских и зарубежных конкурсах: Awwwards, CSS Awards, Tagline Awards, Golden Site, Golden App, Премия Рунета. Ищем в свою команду Python разработчика. Если совсем подробно, нам нужен сотрудник, который будет:  Разрабатывать сложный функционал, поддерживать и оптимизировать старый. Управлять командой разработки и самостоятельно распределять задачи внутри команды. Проводить CodeReview.   Твои профессиональные скиллы:  Обязателен опыт работы с Python, fastapi, strawberry-python (GraphQL), redis, postgresql. Опыт работы в Linux, командной строке. Опыт работы с Docker и Docker-compose. Опыт использования систем контроля версий (в частности, Git). Опыт работы в высоконагруженных проектах. Умение писать тесты. Хорошее знание SQL и опыт работы с реляционными базами данных: PostgreSQL. Опыт работы c ELK стэком. Будет плюсом: навыки администрирования БД/проектирования больших миграций; опыт работы с SQLAlchemy + Alembic, Kubernetes, Kafka/Rabbit MQ, Redis, Firebase, CI/CD, Nginx, websocket, Elasticsearch.  Мы ценим в людях:  Стремление к развитию. Смелость, честность и ответственность.  Что получают наши сотрудники:   Стабильную работу в крупной IT-компании. За последний год мы выросли в два раза и продолжаем расти. Условия для эффективной работы. Наши сотрудники работают удалённо, либо в креативном digital-офисе с зонами для отдыха и столовой. Мы предоставляем современную технику с новейшим программным обеспечением. Участие в сложных и интересных проектах. Наши клиенты — мировые бренды и транснациональные компании. Слаженную коммуникацию с командой. Передовые технологии. Мы следуем трендам, постоянно экспериментируем и анализируем технологический стек. Карьерный рост и профессиональное развитие. Раз в полгода мы проводим оценочную сессию и составляем индивидуальный план развития для каждого сотрудника. Эффективную систему наставничества. За каждым сотрудником закрепляется наставник, который делится своим опытом и знаниями. Обучение за счёт компании. Мы даём возможность каждому раскрыть свой потенциал: проводим внутренние митапы, оплачиваем участие в конференциях и внешнее обучение, инициатором которого можете стать вы. Официальное трудоустройство.  Белоснежную зарплату и её регулярный пересмотр по итогам perfomance review. Доступ к корпоративной библиотеке.  Хочешь стать частью нашей команды?  Жми на ""откликнуться""! Мы обязательно рассмотрим твое резюме и дадим feedback в течение 7 рабочих дней.","['Python', 'PostgreSQL', 'Fastapi', 'Redis', 'GraphQL', 'Docker', 'Kubernetes']",MST,https://hh.ru/vacancy/77319651,,200000.0,RUR
77373765,Python developer,Санкт-Петербург,От 3 до 6 лет,"Мы занимаемся seo продвижением клиентских сайтов и запуском своих проектов.Ищем в команду python разработчика для решения амбициозной цели по автоматизации процессов seo продвижения. Обязанности:  Создание скриптов, парсеры для автоматизации seo: генерирование текстов, анализ текстов, поведенческие и тп; Писать парсеры: выдачи, сайтов; Работа с api яндекс метрики, вебмастер, seotome и тд; Обработка данных на сервере; Работа с базами данных; Настройка сервера.  Требования:  базовое знание SQL; уверенное владение Python (библиотеки работы с данными); умение выстраивать эффективное взаимодействие со смежными командами; Желательно понимание основ seo продвижения.  Условия:  Амбициозный проект, интересные с профессиональной точки зрения задачи; Удаленное сотрудничество с выстроенными процессами; Свобода выбора стека технологий; Гибкий рабочий график. ","['SEO', 'Python']",PROFIT agency,https://hh.ru/vacancy/77373765,,,
77327866,BI Developer (Tableau),Тбилиси,От 3 до 6 лет,"Эта вакансия предполагает обязательную релокацию из России и Беларуси с возможностью работы в одном из наших офисов в Ирландии, Португалии, Кипре, Сербии, Черногории, Армении, Казахстане, либо удаленно из других стран. Playrix является крупнейшей игровой компанией в Европе и входит в топ-3 самых успешных мобильных разработчиков в мире. Мы создали такие хиты, как Gardenscapes, Fishdom, Manor Matters, Homescapes, Wildscapes и Township, которые скачали более 2 миллиардов игроков. В игры Playrix каждый месяц играют более 100 миллионов человек. Наша команда VTableau: мы разрабатываем и поддерживаем большое количество дашбордов для различных направлений. Благодаря нашим разработкам бизнес получает возможность оперативно принимать экономически оправданные решения, эффективно взаимодействовать с бизнес-партнёрами и постоянно улучшать метрики наших игр. Наши задачи   Работа с системой BI-отчетности Tableau;   Поддержка существующих отчётов и разработка новых dashboards;   Коммуникация с бизнес-заказчиком и сбор требований к dashboards;   Сбор требований к источникам данных dashboards;   Обмен опытом с командой и передача экспертизы по работе с системой;   Написание технической документации.   Наш стек Tableau, Redshift, PostgreSQL, Airflow. Почему Playrix   минимум бюрократии, нет трекинга времени — мы доверяем нашим сотрудникам и ориентируемся на результат;   помогаем развивать наших сотрудников: даем интересные задачи, организуем обмен опытом, оплачиваем курсы, конференции и сертификации;   мы верим, что без высокой технической экспертизы невозможно решать амбициозные цели, которые мы сами себе ставим.   Мы ожидаем   Опыт работы с системой BI-отчетности Tableau от одного года (LOD’s, Action’s, Parametres);   Опыт работы с базами данных и написание SQL-запросов (знание view, join, window function - опционально);   Проактивность, критическое мышление;   Способность длительное время концентрировать внимание на задачах.   Будет плюсом   опыт использования Python;   опыт проектирования интерфейсов, юзабилити тестирование;   опыта работы в области анализа данных и/или работы в роли Data Analyst.   Мы предлагаем   Комфортные условия Работайте удаленно из любой точки мира. Мы гибко подходим к вопросам релокации и помогаем с переездом. Заботу о здоровье Компенсируем онлайн-сессии с психологом, открываем для вас и ваших детей ДМС со стоматологией и лечением от COVID-19. Организуем вакцинацию для тех, кому это важно. Спорт и фитнес Поддерживаем здоровый образ жизни и компенсируем покупку любых спортивных абонементов, подписку на фитнес-приложение или участие в марафонах. Заботу о благополучии Сохраняем 100% зарплату во время отпуска или больничного без лишних справок. А для особых случаев предоставим дополнительные выходные. Удобное рабочее место У нас есть все для комфортной работы, где бы вы не находились. В офисах — зоны отдыха и горячее питание, для удаленных сотрудников — доставка современной техники. Развитие и обучение Оплачиваем участие в профильных конференциях и курсах, регулярно проводим внутренние буткемпы и стажировки. А для личного развития предлагаем доступ к тысячам книг в онлайн-библиотеке и скидки на курсы английского языка. Мероприятия и мерч Конкурсы, спортивные челленджи, вечеринки, хакатоны и внутренние офлайн-ивенты для команд — каждый год мы проводим сотни мероприятий по всему миру. Социальные проекты Запускаем благотворительные проекты и поддерживаем идеи сотрудников в конкурсе грантов.","['LODs', 'Tableau', 'BI-отчетность', 'Actions', 'User Filters', 'Parameters', 'JOIN', 'Relationships', 'Blending', 'Python', 'проектирования интерфейсов', 'Usability testing']",Playrix,https://hh.ru/vacancy/77327866,,,
77327863,BI Developer (Tableau),Москва,От 3 до 6 лет,"Эта вакансия предполагает обязательную релокацию из России и Беларуси с возможностью работы в одном из наших офисов в Ирландии, Португалии, Кипре, Сербии, Черногории, Армении, Казахстане, либо удаленно из других стран. Playrix является крупнейшей игровой компанией в Европе и входит в топ-3 самых успешных мобильных разработчиков в мире. Мы создали такие хиты, как Gardenscapes, Fishdom, Manor Matters, Homescapes, Wildscapes и Township, которые скачали более 2 миллиардов игроков. В игры Playrix каждый месяц играют более 100 миллионов человек. Наша команда VTableau: мы разрабатываем и поддерживаем большое количество дашбордов для различных направлений. Благодаря нашим разработкам бизнес получает возможность оперативно принимать экономически оправданные решения, эффективно взаимодействовать с бизнес-партнёрами и постоянно улучшать метрики наших игр. Наши задачи   Работа с системой BI-отчетности Tableau;   Поддержка существующих отчётов и разработка новых dashboards;   Коммуникация с бизнес-заказчиком и сбор требований к dashboards;   Сбор требований к источникам данных dashboards;   Обмен опытом с командой и передача экспертизы по работе с системой;   Написание технической документации.   Наш стек Tableau, Redshift, PostgreSQL, Airflow. Почему Playrix   минимум бюрократии, нет трекинга времени — мы доверяем нашим сотрудникам и ориентируемся на результат;   помогаем развивать наших сотрудников: даем интересные задачи, организуем обмен опытом, оплачиваем курсы, конференции и сертификации;   мы верим, что без высокой технической экспертизы невозможно решать амбициозные цели, которые мы сами себе ставим.   Мы ожидаем   Опыт работы с системой BI-отчетности Tableau от одного года (LOD’s, Action’s, Parametres);   Опыт работы с базами данных и написание SQL-запросов (знание view, join, window function - опционально);   Проактивность, критическое мышление;   Способность длительное время концентрировать внимание на задачах.   Будет плюсом   опыт использования Python;   опыт проектирования интерфейсов, юзабилити тестирование;   опыта работы в области анализа данных и/или работы в роли Data Analyst.   Мы предлагаем Заботу о здоровье Компенсируем онлайн-сессии с психологом, открываем для вас и ваших детей ДМС со стоматологией и лечением от COVID-19. Организуем вакцинацию для тех, кому это важно. Спорт и фитнес Поддерживаем здоровый образ жизни и компенсируем покупку любых спортивных абонементов, подписку на фитнес-приложение или участие в марафонах. Заботу о благополучии Сохраняем 100% зарплату во время отпуска или больничного без лишних справок. А для особых случаев предоставим дополнительные выходные. Удобное рабочее место У нас есть все для комфортной работы, где бы вы не находились. В офисах — зоны отдыха и горячее питание, для удаленных сотрудников — доставка современной техники. Развитие и обучение Оплачиваем участие в профильных конференциях и курсах, регулярно проводим внутренние буткемпы и стажировки. А для личного развития предлагаем доступ к тысячам книг в онлайн-библиотеке и скидки на курсы английского языка. Мероприятия и мерч Конкурсы, спортивные челленджи, вечеринки, хакатоны и внутренние офлайн-ивенты для команд — каждый год мы проводим сотни мероприятий по всему миру. Социальные проекты Запускаем благотворительные проекты и поддерживаем идеи сотрудников в конкурсе грантов.","['LODs', 'Tableau', 'BI-отчетность', 'Actions', 'User Filters', 'Parameters', 'JOIN', 'Relationships', 'Blending', 'Python', 'проектирования интерфейсов', 'Usability testing']",Playrix,https://hh.ru/vacancy/77327863,,,
77332275,Наставник курсов по Python разработке,Санкт-Петербург,От 3 до 6 лет,"Skypro — онлайн-университет рентабельного образования и новое направление внутри Skyeng, одной из крупнейших EdTech-компаний в России и СНГ. Вместе с нами студенты осваивают новые профессии и меняют карьерные траектории, следуя за своей мечтой! Чтобы сопровождать каждого студента качественнее, внимательнее и быстрее, мы ищем на частичную занятость наставника курса «Python-разработчик». Наставник в Skypro помогает расти другим и при этом прокачивает свои навыки. Что делает наставник:   Проверяет домашние задания студентов по чек-листу в рамках 24 часов. Дает подробную развивающую обратную связь.   Проверяет курсовые работы учеников по окончании курса.   Отвечает на вопросы учеников по материалам уроков на нашей платформе и на онлайн-мероприятиях.   Создает инструкции и шаблоны, чтобы оптимизировать общение со студентами, и работает по уже готовым шаблонам.   Вместе с командой преподавателей и методистов принимает решения: что изменить, чтобы улучшить образовательный опыт учеников.   Вы — наш идеальный кандидат, если:   есть опыт работы Python разработчиком;   есть опыт работы с фреймворками Django и Flask;   есть опыт работы на Linux и с Docker, умение настраивать CI/CD;   уверенно используете SQL и PostgreSQL;   есть опыт в Git, знаете техники тест-дизайна;   умеете давать конструктивную развивающую обратную связь;   пишете легким, понятным языком, без орфографических и пунктуационных ошибок;   можете быть на связи в выходные;   уже работали наставником (будет плюсом).   Что вы получите, работая в Skypro:   Гибкий график: занятость 10-20 часов в неделю, можно совмещать с основной работой.   Сообщество сильных специалистов в предметной области и в сфере образования.   Фиксированный оклад и выплаты за каждую проверку домашки.   Возможность сосредоточиться на предметной экспертизе: всю организационную работу выполняет координатор курсов, пока вы качественно обучаете студентов.   Регулярную обратную связь от руководителя и чуткое отношение команды к вашим идеям и предложениям.   Возможность прокачать свои мягкие навыки в корпоративном университете и в Школе наставников.   Удаленку — можно выполнять задачи из любой точки мира.   Если вы постоянно прокачиваете свою экспертизу и умеете говорить просто о сложном — мы ждем ваше резюме в Skypro!  ","['Python', 'Наставничество', 'Django Framework']",Skyeng,https://hh.ru/vacancy/77332275,40000.0,80000.0,RUR
77324208,Python разработчик,Москва,От 3 до 6 лет,"О нас:  Дружной командой ищем к себе опытного Python разработчика с опытом коммерческой работы от 3 лет для работы с картами. Основная цель - развитие проекта по карте (тепловая карта) для развития ПВЗ, курьерских доставок, оптимизации работы и логистики ПВЗ.На сегодняшний день на наших плечах стратегически важные проекты разной степени сложности и спектра задач. Слаженно работаем вместе уже много лет, характер работы с нами - динамика, рост, постоянный поток новых задач, дух стартапа, ценим опыт и профессионализм, боевой дух и амбиции, но любим также тех, кто приходит с новыми идеями, экспертностью в конкретной области, архитектурными решениями. Горизонтов развития Вашего потенциала внутри нашей команды много - все зависит от Ваших пожеланий и результатов. Будем рады Вам - откликайтесь, за деталями можно обращаться в Тг. В списке наших ожиданий::   Опыт в разработке от 3х лет   Пишете чисто и с любовью на Python/Golang   Опыт работы с Postgres, Postgis   Опыт создания расширений для ГИС от 2 лет   Обязателен опыт с ГИС-разработке   Желательные навыки:   Опыт работы с OpenLayers, leaflet   Рады предложить:  Режим гибкого начала рабочего дня, удаленная работа, гуманный график, лояльное и прогрессивное руководство Работу в команде единомышленников, где каждый любит свое дело, знает, что хочет и растет в кругу сильнейших Использование современного технологического стека Стабильность и уверенность в завтрашнем дне - оформляем по ТК РФ с первого дня, нацелены на долгосрочную совместную работу (также предоставляем другие виды оформления - ИП, ГПХ) Гибкие бизнес-процессы, минимум бюрократии и согласований Максимум возможностей для профессиональной самореализации ","['Golang', 'PostgreSQL', 'GIS', 'Python', 'PostGIS']",WILDBERRIES,https://hh.ru/vacancy/77324208,,,
77425228,Python developer,Санкт-Петербург,От 3 до 6 лет,"Кто мы, и чем мы занимаемся: Наши партнеры одна из крупнейших IT-компаний в России, которая разрабатывает различные сервисы для России, Беларуси, Казахстана и Турции. Наши партнеры развиваем самую популярную в стране поисковую систему и создаём сервисы, которые делают жизнь людей более комфортной и яркой. Сервисы помогают в повседневных делах в офлайне и онлайне. С их помощью можно искать информацию в интернете, слушать музыку, выбирать товары и места, заказывать еду, перемещаться по городу и делать многое другое. Проект - один из самых популярных сервисов, который включает в себя карьерный портал, где размещены вакансии и всё, что нужно знать кандидату о работе; Что мы гарантируем нашему будущему коллеге:  Официальное оформление по ТК РФ; График работы 5/2 с плавающим началом рабочего дня; Высокая заработная плата, которая будет зависеть от Ваших ожиданий; Офисный или удаленный график работы; Программа релокации для иногородних сотрудников; Расширенная программа ДМС: стоматология, обследования, вызов врача на дом, массажист, психолог; Курсы, тренинги, участие в конференциях; Сильная профессиональная команда; Сложные задачи для сервисов с миллионами пользователей в день; Компенсация оплаты питания на территории кампуса и в окрестностях, а также заказов еды;  Что мы ожидаем от кандидата:  Большой опыт на Python от 3 лет Желательно опыт с фреймворком Django или готовность перейти на него Понимаете, как работают веб-сервисы; Пишете эффективный и понятный код; Способны объяснять свои решения и договариваться с коллегами; Работали с реляционными и нереляционными базами данных и понимаете их устройство; Внимательны к пожеланиям и проблемам пользователей; Самостоятельны и готовы работать в команде.  Основные задачи:  Быстро и эффективно реализовывать новую функциональность; Выполнять задачи, связанные с масштабированием, оптимизацией и ускорением сервисов; Взаимодействовать с другими командами (переиспользовать внутренние технологии, в том числе технологии «больших» внешних сервисов, унифицировать разработку и процессы); Экспериментировать и находить новые интересные решения.  Оставляйте свои отклики для записи на собеседование! будем рады ответить на ваши вопросы! ","['Python', 'Django', 'Базы данных']",Wanted,https://hh.ru/vacancy/77425228,,,
77425712,Python developer (Middle - Senior),Москва,От 1 года до 3 лет,"Мы создаем и поддерживаем экосистему внутренних сервисов, необходимых для ежедневной работы всей компании и её подразделений, а также сервисы для сопровождения найма и организации соревнований по программированию.В связи с активным ростом ищем в нашу дружную команду Python разработчика.Что мы гарантируем нашему будущему коллеге:   Высокая конкурентная заработная плата (подстраиваемся под Ваши ожидания);   Возможность удаленного формата работы для Senior'ов;   Работа в современных комфортных офисах Москвы, Санкт-Петербурга или Екатеринбурга;   Оформление по ТК РФ;   Премии по результатам работы;   ДМС и полный соц пакет.   Наши пожелания к кандидатам:   Опыт разработки на Python от 1 года;   Опыт работы с FastApi;   Знание PostgreSQL;   Знание алгоритмов и структур данных.   Чем предстоит заниматься:  реализовывать новую функциональность; выполнять задачи, связанные с масштабированием, оптимизацией и ускорением сервисов; взаимодействовать с другими командами; экспериментировать и находить новые интересные решения.  Если в этом описании Вы увидели себя, смелее направляйте резюме!   ","['Python', 'PostgreSQL', 'FastApi']",Wanted,https://hh.ru/vacancy/77425712,,,
77425265,Python developer,Москва,От 3 до 6 лет,"Кто мы, и чем мы занимаемся: Наши партнеры одна из крупнейших IT-компаний в России, которая разрабатывает различные сервисы для России, Беларуси, Казахстана и Турции. Наши партнеры развиваем самую популярную в стране поисковую систему и создаём сервисы, которые делают жизнь людей более комфортной и яркой. Сервисы помогают в повседневных делах в офлайне и онлайне. С их помощью можно искать информацию в интернете, слушать музыку, выбирать товары и места, заказывать еду, перемещаться по городу и делать многое другое. Проект - один из самых популярных сервисов, который включает в себя карьерный портал, где размещены вакансии и всё, что нужно знать кандидату о работе; Что мы гарантируем нашему будущему коллеге:  Официальное оформление по ТК РФ; График работы 5/2 с плавающим началом рабочего дня; Высокая заработная плата, которая будет зависеть от Ваших ожиданий; Офисный или удаленный график работы; Программа релокации для иногородних сотрудников; Расширенная программа ДМС: стоматология, обследования, вызов врача на дом, массажист, психолог; Курсы, тренинги, участие в конференциях; Сильная профессиональная команда; Сложные задачи для сервисов с миллионами пользователей в день; Компенсация оплаты питания на территории кампуса и в окрестностях, а также заказов еды;  Что мы ожидаем от кандидата:  Большой опыт на Python от 3 лет Желательно опыт с фреймворком Django или готовность перейти на него Понимаете, как работают веб-сервисы; Пишете эффективный и понятный код; Способны объяснять свои решения и договариваться с коллегами; Работали с реляционными и нереляционными базами данных и понимаете их устройство; Внимательны к пожеланиям и проблемам пользователей; Самостоятельны и готовы работать в команде.  Основные задачи:  Быстро и эффективно реализовывать новую функциональность; Выполнять задачи, связанные с масштабированием, оптимизацией и ускорением сервисов; Взаимодействовать с другими командами (переиспользовать внутренние технологии, в том числе технологии «больших» внешних сервисов, унифицировать разработку и процессы); Экспериментировать и находить новые интересные решения.  Оставляйте свои отклики для записи на собеседование! будем рады ответить на ваши вопросы!","['Python', 'Django', 'Базы данных']",Wanted,https://hh.ru/vacancy/77425265,,,
76821521,Senior Python developer (Django),Алматы,Более 6 лет,"Мы в Evrone занимаемся продуктовой разработкой стартапов и помогает в цифровой трансформации бизнеса в России, США и Европе. Мы охотно берем в работу социально-значимые проекты и проекты, несущие пользу людям. Сейчас нацелились на разработку Ed-Tech проекта (онлайн обучение digital-профессиям) ориентированный на западный рынок. Поэтому сейчас ищем Python-разработчиков в команду Evrone. Ищем разработчиков Senior / Architect уровней. Заработная плата зависит от уровня и определяется после прохождения технического собеседования. Задачи:  Решение проблем с интеграцией платежных систем, финансовым учетом и процессом оплаты; Работа над образовательными механиками, такими как интерактивные уроки и симуляторы кода; Оптимизация платформы; Проектирование архитектуры и инфраструктуры для новых внутренних и внешних сервисов.  Этапы найма:  HR-интервью; Техническое интервью с Evrone; Алгоритмическая сессия; Техническое собеседование с проектной командой; Знакомство с командой проекта.  Мы хотим видеть в вас:  Опыт коммерческой, backend разработки на Python от 5-ти лет; Владение ООП как в теории, так и на практике; Хорошее знание и опыт с Django и Aiohttp; Опыт работы с Docker; Понимание важности тестирования и умение пользоваться соответствующим инструментарием (pytest, mock).  Будет плюсом:  Опыт работы Full-stack разработчиком; Опыт работы с Kubernetes, Terraform и облаками (например: AWS, Azure или Yandex Cloud).  Про Evrone: Мы занимаемся технически сложными, высоконагруженными, наукоёмкими проектами, проектами с большой бизнес логикой или большой серверной инфраструктурой. Нам доверяют: аналитику, проектирование интерфейсов и дизайн, разработку, инфраструктуру и эксплуатацию. Мы становимся технической командой проекта целиком или консультируем и расширяем возможности существующих команд наших клиентов. Кроме того, Evrone помогает развиваться сообществу разработчиков. Мы делаем самую большую в России конференцию по Ruby — RubyRussia, проводим технические митапы, делаем свой новостной дайджест, а также спонсируем и помогаем в проведении конференций по Go, Python, React/Vue и функциональным языкам. Наши инженеры выступают на ведущих конференциях России и Европы и вносят вклад в Open Source проекты, мы берем интервью у лидеров комьюнити и пишем статьи на самые горячие темы индустрии. В этом году мы ставили стенд и выступали на конференциях Highload и TeamLeadConf. Вся команда работает удаленно с 2008 года. Мы знаем как организовать распределенную разработку комфортно и эффективно. Есть офисы для работы и встреч в Москве и Воронеже, а также офисы продаж в Сан-Франциско и Берлине. Что предлагаем:  Удаленную фултайм работу. Нам не важно, из какой точки мира вы работаете, важен только результат. Но если вы хотите ходить в офис, они есть Москве и Воронеже; Мягкий график. Достаточно синхронизировать тайм-зоны и иметь пересечения рабочего времени с командой; Качественный онбординг и hr-менеджмент (1:1, Grow Review). По желанию меняем проекты, не даем стагнировать. При формировании команды проекта учитываем профессиональные или личные интересы разработчиков; Работу в разновозрастном, разнополом и потрясающе дружном и профессиональном коллективе; Хорошо организованный воркфлоу, отсутствие бюрократии. Работа на доверии.  Одна из ценностей Evrone – работа с удовольствием.Для этого мы придумали Evrone Benefits. Каждому из нас выделяется годовой бюджет, автоматически пополняемый каждый новый год вашей работы в Evrone. Его можно потратить на полезные категории трат, направленные на:  ДМС и здоровье; Спорт и абонемент для фитнеса или инвентарь для спорта; Курсы иностранного языка; Техника для работы и улучшение рабочего места; Обучение: курсы, тренинги, мастер-классы, семинары, книги и конференции.  Бонусы и премии:  Премии за локальные успехи и отличную работу в целом; Автоматическая индексация зарплаты без необходимости кого-то об этом просить, а также повышение зарплаты по мере роста компетенций; Премии за привлечение новых сотрудников и новых клиентов; Дополнительная премия за выступления на конференциях и митапах; У вас есть возможность принять участие в проведении технических интервью специалистов, которые могут стать вашими коллегами. Проведение интервью оплачивается.  Обучение и рост компетенций:  Проводим внутренние митапы по Python; У нас есть культура менторства. В повседневных задачах и планировании карьеры будет помогать наставник; Развивать профессиональный уровень можно с помощью системы ассессмента Evrone Challenge; Есть внутренняя библиотека с электронными книгами и записанными курсами; Работаем и дружим с западными заказчиками, есть возможность практиковать свой английский.  Возможность стать докладчиком или автором:  Если вы хотите выступить на оффлайн конференции, мы поможем вам подготовить контент для доклада и сделаем крутые слайды. DevRel Evrone (Григорий Петров) поможет подготовиться к выступлению на конференции, окажем поддержку на самой конференции и подготовим материалы с вашим докладом. Также Evrone оплатит вам все расходы на подготовку, поездку и участие в конференции; Если вы хотите выступить на онлайн конференции, помимо помощи по подготовке доклада и подбору конференции, мы организуем вам студийную съемку или трансляцию вашего доклада; У нас есть блоги на всех популярных платформах России и мира. Наши редакторы и профессиональные авторы еженедельно выпускают новые материалы; Если вы написали статью, мы нарисуем для нее иллюстрации и поможем вам ее оформить и опубликовать. Если у вас есть только идея - редакторы помогут сформулировать мысли, оформить пост самостоятельно и правильно опубликовать для максимального охвата. Конечно, Evrone оплатит часы и любые затраты, потраченные на подготовку материала;  Возможность прокачаться в Open Source:  Если у вас есть популярные open source проекты – мы поможем с их продвижением и окажем поддержку в развитии; Если вы контрибьютите в популярные проекты с открытым исходным кодом, мы оплатим часы, которые вы на это потратили. Если вы ничего этого не делаете, но очень хочется начать – в Evrone есть менторы, которые помогут вам сделать первые шаги: подберут задачки для старта, помогут решить их и правильно оформить pr.  Отдых и развиртуализация: Мы считаем обязательным собираться вместе несколько раз в году. В Evrone есть несколько событий в году, которые собирают вместе весь наш коллектив. Поэтому, где бы вы ни находились, мы обязательно увидимся лично (компания оплатит вам дорогу и все расходы на корпоратив).","['Python', 'Django', 'Pytest']",evrone.ru,https://hh.ru/vacancy/76821521,,450000.0,RUR
77262071,Python developer (Банк),Москва,От 3 до 6 лет,"Описание проектаМы разрабатываем публичное и приватное облако в одном из крупнейших банков России.Внутри банка есть сотни команд разработки с потребностями в динамической выдаче инфраструктурных ресурсов (Iaas, PaaS, SaaS), но банк по соображениям безопасности и законодательству не может использовать сторонние площадки, такие как AWS / Azure / ... для выдачи облачных ресурсов. Поэтому наша команда делает собственное облако для внутренних пользователей банка & на его базе публичное облако для продажи по B2B.Под капотом у нас находятся OpenStack, VMWare, Nutanix, Openshift. Фронт написан на React, за этим фронтом стоит бэк на Ruby. На Python же написан большой слой бизнес- логики между фронтом/ruby и провайдерами виртуализации. Это своя собственная система оркестрации, проигрывающая графы развёртывания продуктов, каталог продуктов и конструктор графов развёртки, собственный биллинг с различными типами тарификации, конструктор ограничений, операции второго дня и многое другое.Наши микросервисы написаны на Django / FastAPI, коммуникация по REST и RabbitMQ. Из баз мы предпочитаем PostgreSQL, Redis, ClickHouse.На данный момент мы работаем полностью удалённо однако теоретически если есть желание можно организовать место в офисе.Бюррократия сведена к минимуму, все процессы налажены. В команде возможен (и поощряется) рост и соответствующий пересмотр заработной платы. Стек технологий- native python- Django rest framework (D- FastAPI / aiohttp- asyncio- RabbitMQ (работа напрямую через Kombu/Pika) / Kafka - PostgreSQL (написание запросов, отладка, индексы)- Redis- NoSQL (Clickhouse, Mongo, InfluxDB) Требования:-  опыт от 3х лет коммерческой разработки на Python - работа в команде из 3+ Python-разработчиков в последние 2 года - опыт работы и знание нашего стека Условия:  Удаленная работа, при желании - можно офис. Оформление в Аккредитованую ИТ Компанию, работа на проекте и в команде банка , предоставляем право на льготную ипотеку, также и право подачи документов на отсрочку от мобилизации для профильных ИТ специалистов в соответствие с приказом! График работы 5/2 с гибким началом рабочего дня; Оформление на выбор - ТК РФ, ИП, Самозанятость; Амбициозные проекты, интересные с профессиональной точки зрения задачи; Широкий технологический стек; Возможность профессионального и карьерного роста - в динамично развивающейся компании   ","['Python', 'native python', 'Django Framework', 'RabbitMQ', 'NoSQL', 'Redis', 'Kafka']",АЙТИ.СПЕЙС,https://hh.ru/vacancy/77262071,,300000.0,RUR
77432896,Инженер-программист Python,Екатеринбург,От 3 до 6 лет,"«Айдеко» - аккредитованная ИТ-компания, разработчик программного обеспечения в области информационной безопасности и сетевых технологий. Ideco UTM - продукт для защиты сети компании, в котором есть межсетевой экран, VPN-сервер, контроль приложений, контентная фильтрация, предотвращение вторжений и многое другое.Cтек технологий: Linux Fedora 35, Python 3.10 с постоянным обновлением до новой и стабильной версии, ETCD, Clickhouse, Asyncio, aiohttp. Задачи в направлении технической поддержки по-настоящему разные. Придется постоянно работать на стыке бакенда и системы, поэтому знания Linux обязательны. Если ты хочешь реализовать свой потенциал, стать частью нового продукта, не боишься сложных решений, хочешь работать на новом стеке, то мы просто обязаны с тобой познакомиться, ведь мы готовы тебе дать возможность:   Диагностировать проблем и исправлять баги в инфраструктуре клиентов;   Добавлять исправления обнаруженных багов в основной код продукта;   Заниматься обучением инженеров технической поддержки;   Участвовать в код-ревью.   Ты нам подходишь, если у тебя есть:  Навыки уверенного администрирования Linux; Понимание сетевых протоколов, модели OSI, протоколов прикладного уровня (HTTP, TLS, FTP, SMB); Опыт разработки на python или желание перейти из области системного администрирования в программирование; Опыт работы с Systemd; Опыт работы с виртуализацией; Опыт проектирования REST-API.  Будет классно, если у тебя будет следующий опыт:  Написания юнит тестов; Разработки c NoSQL базами данных (у нас Etcd).  Но если его нет, то не страшно. Мы готовы дать тебе возможность развития в этих технологиях :) Мы предлагаем:   Задачи: интересные, сложные, где-то непонятные, в общем все, как ты любишь;   График: удобный, с возможностью полной удаленной работы;   Команда: крутые профессионалы своего дела, в числе которых Коренберг Марк   Оформление: официальное трудоустройство, ""белая"" зарплата;   Обучение: наставник на испытательном сроке, а так же другое внутреннее обучение и, при желании, оплата внешнего, бесплатное обучение английскому языку с преподавателем;   Разработка: по Scrum, используем Jira, коммуникации в Discord;  Забота о здоровье: ДМС для сотрудников;  Офис: пригоняй на Кулибина 2, приготовим вкусный кофе, накормим вкусняшками, поиграем в настолки.  ","['Linux', 'Nginx', 'Docker', 'Asyncio', 'aiohttp', 'Squid', 'Сетевые технологии', 'Информационная безопасность', 'Python', 'Асинхронное программирование', 'Clickhouse', 'ETCD']",Айдеко,https://hh.ru/vacancy/77432896,,,
77278703,Python Developer (Remote),Москва,От 3 до 6 лет,"Компания OKPixels специализируется на заказной разработке программного обеспечения — web-сервисов, сайтов и мобильных приложений для среднего и крупного бизнеса. Среди наших клиентов лидеры российского ИТ, Ритейла, Банковской сферы и амбициозные стартапы. OKPixels в цифрах - более 8 лет на рынке ИТ, более 40 человек в команде разработки, более 200 успешно реализованных проектов. У нас распределенная и растущая команда с центрами в Москве и Нижнем Новгороде. Политика и атмосфера внутри семейная и дружественная. Если разработчику комфортнее работать с Кипра и он умеет быть в этом эффективным — это классно! :) Сейчас мы в поиске Python разработчиков уровня middle и выше в крупные интересные долгосрочные проекты в различных сферах (ИТ, банковский сектор, страхование, медицина, пр.) Обязанности:   Участвовать в разработке бэкенда   Поддерживать и улучшать существующий код   Взаимодействовать с командой разработчиков   Разрабатывать web-сервисы на Python   Писать и поддерживать в актуальном состоянии юнит-тесты   Требования:  Опыт в роли Python разработчик не менее 3х лет на крупных коммерческих проектах (из этого опыта не менее 1 проекта с долгосрочной продолжительностью - от 6 мес.) Уверенное знание языка и библиотек Python; Уверенный опыт с фреймворками Django; Опыт использования систем контроля версий (Git); Уверенное знание SQL, опыт работы с реляционными базами данных (PostgreSQL, MySQL); Умение использовать ORM (например, Django ORM); Опыт работы с не реляционными базами данных, например, MongoDB Опыт работы с Docker и Docker-compose; Умение работать в команде, разбираться в чужом коде; Понимание Agile (Scrum) и традиционных методологий разработки; Умение адекватно оценивать трудоёмкость и сроки, соблюдать эти сроки; Способность работать самостоятельно и в команде, взаимодействовать с людьми  Условия  Оформление по ТК РФ, ИП или Самозанятости ДМС после прохождения испытательного срока Корпоративные скидки в школе Skyeng Возможность удаленной работы по РФ Гибкий рабочий график Прямая связь с CEO компании по любым вопросам Отсутствие бюрократии ","['Python', 'Git', 'Scrum', 'Django Framework', 'Agile Project Management', 'PostgreSQL', 'MySQL', 'Django']",ВАТСОН,https://hh.ru/vacancy/77278703,,,
77397646,TechLead Research Engineer (NLP/Speech),Иннополис,От 3 до 6 лет,"В лабораторию Центра искусственного интеллекта в Контуре ищем опытного TechLead Speech/NLP Research Engineer. Контур — экосистема продуктов для бизнеса. Мы разрабатываем более 70 сервисов для автоматизации предпринимательской рутины, занимаем 2 место среди SaaS-поставщиков в России по объему выручки. Центр искусственного интеллекта в Контуре помогает зарабатывать деньги за счет технологий машинного обучения и больших данных. Например, чат-бот Сирена экономит около 25% времени консультантов техподдержки в чатах, а технология распознавания речи обрабатывает тысячи лет записей каждый год. Мы постоянно следим за прогрессом в технологиях и разрабатываем новые методы и алгоритмы, чтобы сделать инновации доступными для использования в продуктах и процессах компании. В Центре искусственного интеллекта представлены разные роли: есть дата сайентисты, разработчики и аналитики данных, девопсы, QA-специалисты, системные аналитики, проджекты и продакт-менеджеры. Свое железо (V100/A100) и асессорская служба позволяют нам не ограничивать себя при работе с чувствительными данными, а также крутая инфраструктурная команда создает, улучшает и развивает инструменты MLOps на любой вкус от ресерча до прода. Ищем эксперта, чтобы реализовывать и внедрять SOTA-подходы в наши сервисы. В лаборатории «Speech&NLP» Центра искусственного интеллекта команда (7 ML Research Engineer) запустила с нуля и масштабировала на всю компанию собственный ASR, сэкономив сотни миллионов рублей в год. Сейчас мы хотим аналогично создать и внедрить Text To Speech. Чем предстоит заниматься:   Взять на себя одно из направлений в лаборатории (например, Text To Speech).   Улучшать текущее решение ASR.   Участвовать в исследовании новых для лаборатории Speech технологий: denoising, voice cloning и другие.   Поддерживать и расширять набор NLP технологий: NER, sentiment analysis, spelling correction и другие.   Следить за свежими статьями и SOTA по Speech/NLP технологиям и делиться с командой.   Что ожидаем:   Отличное понимание текущего состояния области Speech/NLP.   Черный пояс по PyTorch.   Умение рассказывать сложные вещи простым языком.   Будет плюсом:   Знание и практический опыт с transformers, fairseq, Nemo, SpeechBrain, ONNX/TorchScript.   Знание методов обработки сигналов.   Опыт оптимизации/дистилляции DL-моделей для продакшена.   Публикации или блогпосты в области Speech/NLP.   Что мы готовы предложить:   Работу в команде DS-специалистов над проектами из разных сфер бизнеса.   Большое внутреннее профессиональное сообщество. Поддержка внешних сообществ, например, проведение своего митапа и участие в других.   Поездки на IT-конференции, митапы, учебные курсы за счет компании, в том числе спикером.   Уровень заработной платы, который зависит от ваших технических знаний и навыков.   Мощный комп (i7, два монитора)/MacBook Pro (M1)/HP/ Lenovo.   Гибкий график работы.   Расширенный соцпакет: добровольное медицинское страхование, компенсацию стоимости обедов, подарки детям на праздники.   Пересмотр заработной платы 2 раза в год, премии годовые и внутригодовые, опционная программа.   Корпоративные мероприятия (Новый год, летний праздник — мы даже свой мюзикл делали), командные выезды и движухи.   Мы умеем работать в команде, находясь в разных точках мира (Таллин, Ташкент, Астана, Лимассол, Екатеринбург, Москва и т. д.) и готовы к удаленке.  ","['Python', 'PyTorch', 'NLP', 'SQL', 'Data Science', 'Speech', 'Ner']",Контур,https://hh.ru/vacancy/77397646,300000.0,400000.0,RUR
76776942,Senior/Lead Python-разработчик,Самара,От 3 до 6 лет,"Контур – экосистема продуктов для бизнеса, которые помогают тратить меньше времени на рутину, делают общение с контрагентами и госорганами проще и прозрачнее. У нас продуктовая разработка: 121 команда развивает как уже прибыльные сервисы, так и стартапы. Раньше Контур был моностековой компанией: многие продукты написаны на C# под .NET. Сейчас мы делаем ставку и на Python-разработку и вкладываемся в развитие этого стека, чтобы создавать на нем новые сервисы. Для нас это возможность идти в сторону современных opensource-технологий. Мы ищем Python-разработчика Senior и выше, желательно с опытом лид-позиций, развития новых продуктов. Технологии зависят от конкретной команды разработки. В основном мы используем:   бэкенд: Python, Django, Aiohttp;   хранилища: PostgreSQL, MongoDB, Redis;   хостинг на Kubernetes.   Python-разработчики в Контуре могут реализовать свой потенциал и вырасти до лидов внутри направления, определять вектор развития стека в крупной и стабильной компании. Со своей стороны обеспечим всевозможную поддержку. Мы поддерживаем культуру код-стайла, написания тестов, код- и дизайн-ревью. У нас выстроены процессы, но есть свобода в принятии решений. Можно выбирать по душе: быстро запускать новые проекты в специальном бюро разработки или заниматься выстраиванием процессов и архитектуры в конкретном сервисе. Более подробно о задачах расскажет HR-менеджер. Нам важны   Опыт коммерческой разработки, работы с высоконагруженными системами. Круто, если вы умеете проектировать быстрые решения и запускать их в сжатые сроки.     Высокая самоходность: вы сможете сами находить интересные для себя и полезные для команды задачи.   Гибкость: продукты Контура постоянно адаптируются под рынок и пользователей, нужно уметь работать в меняющихся условиях.   Мы предлагаем   Задачи с высоким уровнем ответственности: предстоит проектировать архитектуру, реализовывать бизнес-логику, самостоятельно принимать решения, запускать сервисы с необходимым уровнем качества.   Свободу в развитии: мы вкладываемся в сообщество и поддерживаем участие разработчиков в конференциях, митапах и обучающих проектах. Наши деврелы помогут написать статью на Хабр, снять видео или подготовиться к выступлению на PyCon.   Работу в комфортном режиме: нам не принципиально, где вы находитесь и во сколько начинаете рабочий день, главное – выполненные задачи.  ","['Разработка нового продукта', 'Python', 'Django Framework', 'Django']",Контур,https://hh.ru/vacancy/76776942,,,
77316163,Data Scientist (DMAG),Москва,От 3 до 6 лет,"О проекте: Мы разрабатываем методы детектирования от составления обучающей выборки и выявление признаков, до реализации и контроля качества на production системах. Разработанные методы далее используются во многих продуктах Лаборатории Касперского непосредственно защищая наших пользователей. С примерами задач команды можно ознакомиться по ссылкам:  How to improve SOC analyst efficiency using ML - DataFest. ML & Security track - https://www.youtube.com/watch?v=DPzdb9Uivwc&feature=youtu.be Краткий ликбез по ML метрикам и их связи с бизнес-метриками - LeadDS meetup - https://www.youtube.com/watch?v=pDMgvhsUPJM&feature=youtu.be DeepQuarantine for Suspicious Mail - whitepaper - https://arxiv.org/pdf/2001.04168.pdf Detection is not a classification: review of ML techniques for cybersecurity specs - slides - https://static.ptsecurity.com/phdays/presentations/classifying-or-detecting-machine-learning-methods-in-cybersecurity.pdf Monotonic models for real-time dynamic malware detection - whitepaper - https://openreview.net/pdf?id=rkjatuyvM  Чем предстоит заниматься:  Классификация исполняемых файлов как по статическим признакам, так и по их поведению; Анализ android/mac файлов; Распознавание вредоносных интернет ресурсов основываясь на статистических данных, графах связей IP адресов; Кластеризация, быстрый поиск похожих вредоносных объектов.  Что требуется от вас:  Вести DS проекты от начальных до заключительных стадий; Активно участвовать в генерации и проверке гипотез по улучшению качества текущих алгоритмов и экспериментов с новыми подходами; Готовы развивать и обогащать текущий стек технологий на основе python, spark, docker, Azure Devops; Обогащать принятые в команде практики MLOps (Code Review, CI/CD, deployment, monitoring, alerting); Делиться знаниями в форме выступлений и публикаций на профильных конференциях. ","['Machine Learning', 'Spark', 'docker', 'Python']",Лаборатория Касперского,https://hh.ru/vacancy/77316163,,,
77420831,Middle+/Senior Python разработчик на продукт BI (Big Data),Москва,От 1 года до 3 лет,"Big Data в МТС – место, где телеком данные превращаются в реально работающие IT-продукты. Мы создали и протестировали несколько десятков сервисов. Самые успешные из них уже стали частью экосистемы МТС. Например, МТС Маркетолог, рекомендации в KION (МТС ТВ), услуга “Кто звонит?” или Спам blacklist. Кого мы ищем? Middle+/Senior Python разработчик на продукт BI В рамках развития корпоративных BI инструментов крайне необходима разработка кастомных визуализаций, улучшения интерфейса для разработчиков и потребителей сервиса, интеграции с различными системами компании и другими компонентами DataOps, доработка функциональности инструмента и поддержка в актуальном состоянии всех наработок при изменениях в процессе разработки и обновлений Кто мы? DataOps BI - это один из компонентов DataOps платформы где наша команда занимается разработкой и внедрением BI инструментов для наших коллег. Под BI мы подразумеваем инструменты визуализации данных и предоставление актуальной аналитики в том числе проведения ad-hoc запросов и пилотных исследований для пользователей с низким порогом вхождения в аналитику, так же организация основной добавленной ценности от использования данных при принятии решения В основе DataOps BI лежит открытое программное обеспечение для исследования и визуализации данных, ориентированное на большие данные. Как и любая BI-система, наш инструмент представляет набор высокотехнологичных инструментов для сбора, предобработки, анализа и визуализации данных. Наш инструмент позволяет создавать интерактивные отчеты (дэшборды) на основе корпоративных источников данных, реализуя гибкую модель ролевого доступа к информации Обязательно:  опыт работы от 3-х лет (уровень Upper Middle или Senior) владение обширными знаниями Flask знание PostgreSQL как на уровне взаимодействия через ORM, так и на уровне написания сырых запросов опыт работы с брокерами сообщений (RabbitMQ, Kafka, Сelery, etc.) знание git, понимание CI/CD процессов умение покрывать код тестами  Что предстоит делать?  разрабатывать Back-end часть приложения участвовать в разработке архитектуры приложения писать unit-тесты для Python кода реализовывать интеграции  Что вы найдете в команде Big Data? Условия: каждый месяц - аванс и зарплата, дважды в год - премия. ДМС + стоматология, корпоративная связь, специальные предложения от партнеров и друзей МТС, отпуск 31 день в год. Выдаем 16” MacBook Pro или Dell на выбор. Есть ли обучение?  Конференции, митапы. Корпоративный университет МТС и масштабная виртуальная библиотека. А ещё мы регулярно обмениваемся опытом на совместных синках с лидами экспертизы  Какой график? Гибкое начало рабочего дня в промежутке с 8 до 11. Есть возможность работать несколько дней вне офиса по договоренности с командой. Сколько этапов при отборе? Не более трех:  Первичный созвон с HR HR + тех. интервью с лидом направления Собеседование с PO и командой, выбор кандидатом проекта   ","['Python', 'Flask', 'PostgreSQL', 'RabbitMQ', 'Kafka', 'Сelery', 'Git', 'gitlab']",МТС,https://hh.ru/vacancy/77420831,,,
77412409,Младший backend программист (Python),Москва,От 1 года до 3 лет,"Привет! Мы команда онлайн-школы «Фоксфорд». «Фоксфорд» — это онлайн-школа для учеников 1−11 классов, дошкольников, учителей и родителей. Наш сервис помогает ребятам развиваться, учить английский, готовиться к ОГЭ, ЕГЭ, олимпиадам и поступлению в вуз. Мы 14 лет назад начали и продолжаем менять рынок российского онлайн-образования, и поэтому не перестаем работать над развитием команды. Наша команда постоянно растёт, поэтому сейчас мы ищем младшего программиста в группу разработки внутренних сервисов, который будет делать крутые интеграции, создавать ботов и многое другое :) Для идеального кандидата на эту позицию необходимы:   Опыт разработки Python, Django, DRF, FastAPI от 6 месяцев в проде.   Навыки работы с REST API.   Опыт написания интеграций между системами.   Желательно опыт разработки js/ts ,Postgresql, SQLAlchemy, Git, Docker.   Желание оптимизировать процессы и наводить порядок.   Умение говорить доступным пользователю языком и слышать пользователя.   Умение приходить к общему решению.   Готовность быстро учиться :)   Чем предстоит заниматься:  Работа в группе разработки внутренних сервисов. Выполнение различных разработок и настроек по заказу внутренних заказчиков, используя функционал и API сервисов, работаем с Slack, Miro, Google, Planfix, Notion и др.) Помощь коллегам, оперативное устранение сбоев. Оптимизации внутренних процессов компании.  И немного важных деталей:   Полная занятость и налаженная удалённая работа или офисная работа на ваш выбор. У нас просторный и многофункциональный офис, действительно стоит приехать и посмотреть хотя бы раз.   Оформление по трудовому договору или по ГПХ (если работаешь не из РФ) + выплаты 2 раза в месяц.   ДМС после испытательного срока.   Возможность изучать до 6 иностранных языков на корп.курсах (занятия проходят на нашей платформе – dogfooding в чистом виде;)), скидки на продукты “Фоксфорда” и “Нетологии“.   Процесс найма:   звонок в телеграме/скайпе/zoom с IT-Рекрутером (20-40 мин);   техническое задание;   техническое собеседование с командой (60-90 мин);   в течение недели после технического интервью дадим финальный ответ :)   Пожалуйста, расскажи в сопроводительном письме немного о том, чем тебя привлекла наша вакансия и будет здорово, если укажешь вилку по зарплате.","['Django', 'PostgreSQL', 'Git', 'Python', 'API', 'Docker']",Онлайн-школа Фоксфорд,https://hh.ru/vacancy/77412409,50000.0,60000.0,RUR
77301380,Team Lead (Python),Москва,От 3 до 6 лет,"Привет!В КОМАНДУ ОТДЕЛА РАЗРАБОТКИ КАРТОЧЕК КОМПАНИЙ РБК ИЩЕМ ОПЫТНОГО PYTHON РАЗРАБОТЧИКА НА ДОЛЖНОСТЬ НАЧАЛЬНИКА ОТДЕЛА BACKEND РАЗРАБОТКИ. Сегодня, РБК - это мультимедийный холдинг, объединяющий медиа, IT-сервисы и инфраструктуру для бизнеса. Компания развивается в области IT, digital-продуктов и mediatech. В настоящее время аудитория наших сайтов (РБК, Инвестиции, Pro, Авто, Тренды, Спорт, Недвижимость, РБК+, ТВ и др.) составляет более 60 млн уникальных пользователей ежемесячно. На наши сайты заходит каждый 3-й житель России. Работу наших веб-проектов и мобильных приложений обеспечивает сложная инфраструктура, частью которой являются сервисы, написанные на языке Python. Чем предстоит заниматься  Управлять командой до 5 человек Разрабатывать и поддерживать веб-проекты для внешних и внутренних (сотрудники компании) пользователей (серверная часть веб-сайтов, бэк-офисы); микросервисы, предоставляющие API для мобильных приложений, десктопа и других сервисов в нашей инфраструктуре; загрузчики данных (например, биржевых котировок). Проводить code review. Писать автотесты. С помощью метрик, логов и трассировки запросов находить проблемные места в приложениях и дорабатывать их. Общаться с разработчиками из других отделов (PHP, Java, фронтенд и т. д.), тестировщиками, project-менеджерами и сисадминами по техническим вопросам. Участвовать в разработке сервисной архитектуры. Оценивать сроки выполнения задач, принимать участие в обсуждениях. Делиться опытом с другими сотрудниками отдела.  Требования к кандидатам  опыт командной разработки не менее 4-х лет знание основ ООП в Python и соответствующих принципов разработки ПО; опыт работы в Linux или MacOS, умение обращаться с командной строкой; хорошее знание какого-либо из популярных Python-фреймворков (Django, Flask, FastAPI и др.); умение работать с реляционными СУБД, понимание того, как ORM с ними взаимодействуют; базовые знания технологий фронтенда (JS, CSS); навыки работы с Git; умение работать в команде, ответственное отношение к задачам, развитое критическое мышление, отсутствие “токсичности”, готовность помогать коллегам в технических вопросах и желание развиваться самому; знание английского языка, достаточное, чтобы уметь найти нужную информацию из англоязычных источников в интернете (документация к библиотекам и API, статьи, issues репозиториев GitHub и т. д.).  Не обязателен, но добавит плюсов опыт работы с Docker, Kubernetes, RabbitMQ, Apache Kafka, MongoDB, Elasticsearch, опыт конфигурации nginx и uwsgi или gunicorn. МЫ ПРЕДЛАГАЕМ:  ЛЬГОТНАЯ ИТ-ИПОТЕКА (МЫ ВХОДИМ В ЧИСЛО АККРЕДИТОВАННЫХ КОМПАНИЙ) Комфортную официальную зарплату: мы спросим твои ожидания, определим хард скиллы на собеседовании и сделаем конкретное предложение после него. Профессиональное развитие. Мы постоянно проводим митапы, тренинги и мастер-классы. Мы поддерживаем идеи и даем возможность развивать собственные инициативы сотрудников. Заботу о здоровье. Оформим полис ДМС с психологической поддержкой и телемедициной. Удобный график: гибкие начало и окончание рабочего дня. Ты сам решаешь во сколько тебе начать работу. Гибкие методы управления: мы используем Agile, SCRUM и OKR, чтобы каждый день создавать новое и быстро реагировать на изменения. Возможность принимать решения без тысячи согласований и предлагать идеи: от простых до самых амбициозных. ПОЛНОСТЬЮ УДАЛЁННАЯ РАБОТА ИЗ ЛЮБОЙ ТОЧКИ МИРА И ГИБКИЙ ГРАФИК.  И всё это в комфортных условиях без бюрократии, дресс-кода и микро-менеджмента. В команде, которая летит впереди рынка.","['Python', 'Django Framework', 'FastAPI']",РБК,https://hh.ru/vacancy/77301380,,,
77327577,Ведущий разработчик,Москва,От 3 до 6 лет,"ЧТО ПРЕДСТОИТ ДЕЛАТЬ:  Участие в проработке архитектуры программных решений; Декомпозиция задач на разработку, оценка сроков их выполнения; Написание, оптимизация и документирование SQL запросов (SQL, PL/pgSQL, T-SQL); Реализация интеграций между информационными системами; Участие в проектировании схемы развертывания программных решений; Поддержка работоспособности информационных систем, оказание помощи специалистам технической поддержки в устранении ошибок.  НАШИ ОЖИДАНИЯ ОТ КАНДИДАТА:   Опыт работы на Python версии 3.7 и выше от 3 лет;   Настройка CI/CD для gitlab;   Опыт работы с БД PostgreSQL(хранимые процедуры, представления);   Опыт разворачивания сред в Kubernetes, работа с Docker Понимание работы OAuth2, REST API.   БУДЕТ ПЛЮСОМ:   Умение оптимизировать скорость обращения к данным, написание сложных SQL запросов и проектирование эффективных БД схем, выявление узких мест и ошибок;   Опыт работы с Redis, Kafka, RabbitMQ;   Разработка архитектуры приложения, масштабируемость.   УСЛОВИЯ:   У нас царит демократия: любим и заботимся о сотрудниках. Распечатаем трудовой договор, занесем строчку в трудовую, в общем, сделаем все, чтобы ты получил пенсию. А ДМС со стоматологией делает нас немного счастливее;   Наши сотрудники - эксперты, они с удовольствием советуют всем страждущим во время работы, умничают на внешних конференциях и внутренних тренингах. К тому же, мы открыты новым идеям и двумя руками вверх приветствуем инициативу;   Команда не даст тебе заскучать: нетривиальные корпоративы, совместные путешествия, спортивные мероприятия и настоящий театр;   Комфортный офис со столовой и кофейней, свободный дресс-код и удобный график работы.  ","['REST', 'API', 'Python', 'PostgreSQL']",Ростелеком - Центры обработки данных,https://hh.ru/vacancy/77327577,,,
77406493,Ведущий разработчик (OeBS),Москва,От 3 до 6 лет,"Итак, тебе предстоит:  разработка кастомизаций для OeBS (Oracle E-Business Suite); разработка и ведение технической и проектной документации; ревью кода в рамках запросов на изменение; планирование целевой архитектуры разрабатываемых приложений и сервисов; первичная оценка реализации бэклога продукта.  Мы будем рады рассмотреть твою кандидатуру, если у тебя есть:  опыт работы не менее 3 лет на аналогичной позиции; опыт разработки ИТ систем, участие в командах разработки и внедрения; объектно-ориентированное и функциональное программирование (от продвинутого до экспертного уровня); SQL и реляционные СУБД (от средне-продвинутого до продвинутого уровня); автоматические системы сборки кода (от средне-продвинутого до продвинутого уровня); архитектура ПО (продвинутый уровень); опыт разработки на одном из языков программирования высокого уровня (Java, C#, JavaScript, Python и т.д.). ","['SQL', 'OeBS', 'СУБД']",билайн,https://hh.ru/vacancy/77406493,,,
